{"cameraMode":{"drawMode":0,"name":"Shaded","section":"Shading Mode"},"sceneLighting":true,"audioPlay":false,"sceneViewState":{"showFog":true,"showMaterialUpdate":false,"showSkybox":true,"showFlares":true,"showImageEffects":true,"showParticleSystems":true},"in2DMode":false,"pivot":{"x":452.9537658691406,"y":0.5339694023132324,"z":509.534912109375},"rotation":{"x":-0.2855319380760193,"y":-0.713481605052948,"z":0.4248518943786621,"w":-0.47870123386383059},"size":3.6273226737976076,"orthographic":false}