{"cameraMode":{"drawMode":0,"name":"Shaded","section":"Shading Mode"},"sceneLighting":true,"audioPlay":false,"sceneViewState":{"showFog":true,"showMaterialUpdate":false,"showSkybox":true,"showFlares":true,"showImageEffects":true,"showParticleSystems":true},"in2DMode":false,"pivot":{"x":465.51837158203127,"y":3.3020339012145998,"z":536.23681640625},"rotation":{"x":0.038968972861766818,"y":-0.22916072607040406,"z":-0.009844412095844746,"w":-0.9727247357368469},"size":15.211227416992188,"orthographic":false}