{"cameraMode":{"drawMode":0,"name":"Shaded","section":"Shading Mode"},"sceneLighting":false,"audioPlay":false,"sceneViewState":{"showFog":true,"showMaterialUpdate":false,"showSkybox":false,"showFlares":true,"showImageEffects":true,"showParticleSystems":true},"in2DMode":false,"pivot":{"x":552.97509765625,"y":28.256864547729493,"z":497.12652587890627},"rotation":{"x":0.21314169466495515,"y":-0.4216079115867615,"z":0.10260678082704544,"w":0.8754138350486755},"size":3.3016490936279299,"orthographic":false}