{"cameraMode":{"drawMode":0,"name":"Shaded","section":"Shading Mode"},"sceneLighting":false,"audioPlay":false,"sceneViewState":{"showFog":true,"showMaterialUpdate":false,"showSkybox":false,"showFlares":true,"showImageEffects":true,"showParticleSystems":true},"in2DMode":false,"pivot":{"x":72.130859375,"y":2.62861967086792,"z":48.82162094116211},"rotation":{"x":-0.06873548030853272,"y":-0.5305219888687134,"z":0.04327545687556267,"w":-0.8438095450401306},"size":2.3404693603515627,"orthographic":false}